{
  "absorbance_calibration": {
    "raw": {
      "concentrations": [
        1.0,
        3.0,
        5.0,
        10.0
      ],
      "absorbance_values": [
        0.04846567421943491,
        -0.17833165429589068,
        0.0741642804890496,
        0.08053084704673073
      ],
      "delta_A": [
        0.0,
        -0.22679732851532558,
        0.025698606269614697,
        0.032065172827295825
      ],
      "reference_absorbance": 0.04846567421943491,
      "slope": 0.012774572822626291,
      "slope_unit": "AU/ppm",
      "intercept": -0.10293760826207865,
      "r2": 0.15881550006737455,
      "spearman_r": 0.7999999999999999,
      "rmse": 0.09833590027141735,
      "lod_ppm": 23.093351528102378,
      "loq_ppm": 76.97783842700794,
      "method": "raw",
      "roi_range": [
        705.0,
        725.0
      ]
    },
    "window_avg": {
      "concentrations": [
        1.0,
        3.0,
        5.0,
        10.0
      ],
      "absorbance_values": [
        0.025739305424292782,
        -0.20836147307050334,
        0.04779565186692616,
        0.051980504349797806
      ],
      "delta_A": [
        0.0,
        -0.23410077849479613,
        0.022056346442633375,
        0.026241198925505024
      ],
      "reference_absorbance": 0.025739305424292782,
      "slope": 0.012356575270065989,
      "slope_unit": "AU/ppm",
      "intercept": -0.10514454081447788,
      "r2": 0.1443084603693459,
      "spearman_r": 0.7999999999999999,
      "rmse": 0.10064156130933201,
      "lod_ppm": 24.43433373156506,
      "loq_ppm": 81.44777910521687,
      "method": "window_avg",
      "roi_range": [
        705.0,
        725.0
      ]
    },
    "differential": {
      "concentrations": [
        1.0,
        3.0,
        5.0,
        10.0
      ],
      "absorbance_values": [
        0.04552576810093123,
        0.0858450794083657,
        0.06014166061200785,
        0.07474257892810024
      ],
      "delta_A": [
        0.0,
        0.04031931130743446,
        0.014615892511076617,
        0.02921681082716901
      ],
      "reference_absorbance": 0.04552576810093123,
      "slope": 0.0019325907303328748,
      "slope_unit": "AU/ppm",
      "intercept": 0.011858197692338868,
      "r2": 0.18117785808112474,
      "spearman_r": 0.39999999999999997,
      "rmse": 0.013741958882553884,
      "lod_ppm": 21.331922998803165,
      "loq_ppm": 71.10640999601054,
      "method": "differential",
      "roi_range": [
        705.0,
        725.0
      ],
      "r2_cv": -1.6099311189309846,
      "rmse_cv": 0.02453400099615051
    }
  },
  "best_method": "differential"
}