concentration,peak_wavelength
0.1,0.24081184555491578
0.5,0.24143379936806159
1.0,0.24176020467250922
5.0,0.23441783896482155
10.0,0.2281012924838926
