{
  "per_concentration": {
    "11.0": {
      "mean_T90": 688.1169189,
      "std_T90": 34.11347788168962,
      "mean_T10": 862.33524558,
      "std_T10": 0.0,
      "count": 2
    },
    "12.0": {
      "mean_T90": 688.46647419,
      "std_T90": 33.61913204977234,
      "mean_T10": 861.61022937,
      "std_T10": 1.7090544485687384,
      "count": 2
    },
    "13.0": {
      "mean_T90": 688.9326289200001,
      "std_T90": 32.959889708441935,
      "mean_T10": 861.9726794999999,
      "std_T10": 0.5127458675924795,
      "count": 2
    },
    "14.0": {
      "mean_T90": 688.9326289200001,
      "std_T90": 32.959889708441935,
      "mean_T10": 861.851833415,
      "std_T10": 0.6836480399591465,
      "count": 2
    },
    "15.0": {
      "mean_T90": 665.393424735,
      "std_T90": 0.9889125852062066,
      "mean_T10": 862.69785336,
      "std_T10": 0.5128048402980263,
      "count": 2
    },
    "51.0": {
      "mean_T90": 665.27683111,
      "std_T90": 0.1648146830163737,
      "mean_T10": 861.7309919649999,
      "std_T10": 0.8545436574459773,
      "count": 2
    },
    "52.0": {
      "mean_T90": 664.927241095,
      "std_T90": 0.6592096234995729,
      "mean_T10": 862.214385585,
      "std_T10": 0.17092184407732938,
      "count": 2
    },
    "53.0": {
      "mean_T90": 688.6972931800001,
      "std_T90": 32.62707471322285,
      "mean_T10": 862.09352559,
      "std_T10": 0.0,
      "count": 2
    },
    "54.0": {
      "mean_T90": 664.22807843,
      "std_T90": 0.3295556996483681,
      "mean_T10": 861.36849548,
      "std_T10": 1.367191102845564,
      "count": 2
    },
    "55.0": {
      "mean_T90": 688.585307735,
      "std_T90": 34.11676832531408,
      "mean_T10": 862.81871336,
      "std_T10": 0.0,
      "count": 2
    },
    "101.0": {
      "mean_T90": 665.39337269,
      "std_T90": NaN,
      "mean_T10": 862.81871336,
      "std_T10": NaN,
      "count": 1
    },
    "102.0": {
      "mean_T90": 665.16028953,
      "std_T90": NaN,
      "mean_T10": 862.81871336,
      "std_T10": NaN,
      "count": 1
    },
    "103.0": {
      "mean_T90": 664.92721795,
      "std_T90": NaN,
      "mean_T10": 862.33524558,
      "std_T10": NaN,
      "count": 1
    },
    "104.0": {
      "mean_T90": 664.4611095,
      "std_T90": NaN,
      "mean_T10": 862.33524558,
      "std_T10": NaN,
      "count": 1
    },
    "105.0": {
      "mean_T90": 664.92721795,
      "std_T90": NaN,
      "mean_T10": 862.33524558,
      "std_T10": NaN,
      "count": 1
    }
  },
  "overall": {
    "mean_T90": 676.3193144819999,
    "std_T90": 20.608009473156528,
    "mean_T10": 862.1612427947999,
    "std_T10": 0.6925468159725202,
    "count": 25
  }
}