{
  "0.1": {
    "Multi mix vary-EtOH-0.1-1": {
      "rms": 0.684165302208434,
      "mad": 0.3939697468458979,
      "spectral_entropy": 11.675221159071484,
      "snr": 5.08300967466216
    },
    "Multi mix vary-EtOH-0.1-2": {
      "rms": 0.6834641922037168,
      "mad": 0.38725846989690804,
      "spectral_entropy": 11.639835519891468,
      "snr": 5.113266187573546
    },
    "Multi mix vary-EtOH-0.1-3": {
      "rms": 0.683583172845048,
      "mad": 0.37474153853275244,
      "spectral_entropy": 11.668764738290776,
      "snr": 5.1391242703598445
    },
    "Multi mix vary-EtOH-0.1-4": {
      "rms": 0.6865753405397457,
      "mad": 0.3878000016820599,
      "spectral_entropy": 11.650330899517774,
      "snr": 5.058968711681069
    },
    "Multi mix vary-EtOH-0.1-5": {
      "rms": 0.68796371666847,
      "mad": 0.3925712972251797,
      "spectral_entropy": 11.671255188618243,
      "snr": 5.146244374095892
    }
  },
  "0.5": {
    "Multi mix vary-EtOH-0.5-1": {
      "rms": 0.6884189322383529,
      "mad": 0.3835587625712234,
      "spectral_entropy": 11.65968902333028,
      "snr": 5.084000793467709
    },
    "Multi mix vary-EtOH-0.5-2": {
      "rms": 0.6826945128064547,
      "mad": 0.39137958751108565,
      "spectral_entropy": 11.696609179237463,
      "snr": 5.005754479015723
    },
    "Multi mix vary-EtOH-0.5-3": {
      "rms": 0.6862218862718537,
      "mad": 0.38112887666509226,
      "spectral_entropy": 11.677390586628288,
      "snr": 5.060817997726849
    },
    "Multi mix vary-EtOH-0.5-4": {
      "rms": 0.6848853911335387,
      "mad": 0.37444621979293047,
      "spectral_entropy": 11.674603857353478,
      "snr": 5.02903778276738
    },
    "Multi mix vary-EtOH-0.5-5": {
      "rms": 0.6855037724799313,
      "mad": 0.3822854492685281,
      "spectral_entropy": 11.683811777717064,
      "snr": 5.070121484510094
    }
  },
  "1.0": {
    "Multi mix vary-EtOH-1-1": {
      "rms": 0.6831570021756531,
      "mad": 0.3778096915753402,
      "spectral_entropy": 11.659075587066276,
      "snr": 5.037364354542853
    },
    "Multi mix vary-EtOH-1-2": {
      "rms": 0.6853379204915824,
      "mad": 0.3805509735624682,
      "spectral_entropy": 11.663114412931007,
      "snr": 5.0239713319766635
    },
    "Multi mix vary-EtOH-1-3": {
      "rms": 0.6811789413126325,
      "mad": 0.38157895701669137,
      "spectral_entropy": 11.669816658999654,
      "snr": 5.013471792006734
    },
    "Multi mix vary-EtOH-1-4": {
      "rms": 0.6836416955415807,
      "mad": 0.3809966830582366,
      "spectral_entropy": 11.68404078694192,
      "snr": 4.966640227760604
    },
    "Multi mix vary-EtOH-1-5": {
      "rms": 0.6800075577571297,
      "mad": 0.3844175445306917,
      "spectral_entropy": 11.683792088211476,
      "snr": 5.070641661534849
    }
  },
  "10.0": {
    "Multi mix vary-EtOH-10-1": {
      "rms": 0.6783382406948238,
      "mad": 0.37577964693788496,
      "spectral_entropy": 11.686321030169164,
      "snr": 4.981543086439499
    },
    "Multi mix vary-EtOH-10-2": {
      "rms": 0.6800730979864391,
      "mad": 0.3760219028113363,
      "spectral_entropy": 11.666950430640096,
      "snr": 4.937348544920056
    },
    "Multi mix vary-EtOH-10-3": {
      "rms": 0.6786649953547872,
      "mad": 0.36667972970121804,
      "spectral_entropy": 11.701596319239396,
      "snr": 5.016204425616801
    },
    "Multi mix vary-EtOH-10-4": {
      "rms": 0.6792423085081172,
      "mad": 0.3734313607705844,
      "spectral_entropy": 11.6630276947276,
      "snr": 4.954086927754257
    },
    "Multi mix vary-EtOH-10-5": {
      "rms": 0.6794547654674905,
      "mad": 0.37321437610546404,
      "spectral_entropy": 11.702462880481217,
      "snr": 4.9495898232915465
    }
  },
  "5.0": {
    "Multi mix vary-EtOH-5-1": {
      "rms": 0.6791809329857654,
      "mad": 0.3746441223414273,
      "spectral_entropy": 11.642463253825436,
      "snr": 5.008048828243915
    },
    "Multi mix vary-EtOH-5-2": {
      "rms": 0.6793012392219981,
      "mad": 0.36262550960108686,
      "spectral_entropy": 11.682942427775632,
      "snr": 4.991171506069572
    },
    "Multi mix vary-EtOH-5-3": {
      "rms": 0.6761651310522742,
      "mad": 0.37463440934333203,
      "spectral_entropy": 11.665947555729229,
      "snr": 4.905399802142907
    },
    "Multi mix vary-EtOH-5-4": {
      "rms": 0.6781113548376179,
      "mad": 0.3663616907706971,
      "spectral_entropy": 11.706971054303871,
      "snr": 5.011392556306644
    },
    "Multi mix vary-EtOH-5-5": {
      "rms": 0.6801945598839951,
      "mad": 0.3722748940963266,
      "spectral_entropy": 11.667993222533433,
      "snr": 5.0133405080239175
    }
  }
}