{
  "regression_slope": -0.0021342621397150373,
  "regression_intercept": 0.7785549728631908,
  "regression_r2": 0.5507706936046866,
  "regression_rmse": 0.0072709763990631195,
  "dynamic_range": 0.02829408160221658,
  "dynamic_range_per_ppm": 0.0028579880406279373,
  "mean_cv": 0.011170740144037123,
  "max_cv": 0.0140974263881279,
  "min_cv": 0.005561854150540735,
  "lod_ppm": 19.29786288058331,
  "loq_ppm": 64.32620960194437,
  "ppm_span": 9.9,
  "concentrations": [
    0.1,
    0.5,
    1.0,
    5.0,
    10.0
  ],
  "mean_transmittance_per_concentration": [
    0.7781909800508506,
    0.7823147183723881,
    0.77919297836737,
    0.7540206367701715,
    0.7636267992359039
  ],
  "std_transmittance_per_concentration": [
    0.010174883010392285,
    0.004351120363408573,
    0.009515227082508355,
    0.010629750421996818,
    0.008329435111880622
  ],
  "cv_transmittance_per_concentration": [
    0.013075046192038118,
    0.005561854150540735,
    0.012211643773337706,
    0.0140974263881279,
    0.010907730216141153
  ]
}