{
  "absorbance_calibration": {
    "raw": {
      "concentrations": [
        1.0,
        3.0,
        5.0,
        10.0
      ],
      "absorbance_values": [
        0.00014795669718746128,
        0.001319544915273122,
        -0.011520808072235848,
        0.005665612075960184
      ],
      "delta_A": [
        0.0,
        0.0011715882180856607,
        -0.01166876476942331,
        0.005517655378772723
      ],
      "reference_absorbance": 0.00014795669718746128,
      "slope": 0.0005363177690402472,
      "slope_unit": "AU/ppm",
      "intercept": -0.003792389696082406,
      "r2": 0.07956409649910944,
      "spearman_r": 0.39999999999999997,
      "rmse": 0.006101363756646111,
      "lod_ppm": 34.129190428827144,
      "loq_ppm": 113.7639680960905,
      "method": "raw",
      "roi_range": [
        580.0,
        590.0
      ]
    },
    "window_avg": {
      "concentrations": [
        1.0,
        3.0,
        5.0,
        10.0
      ],
      "absorbance_values": [
        -0.016447004390626064,
        -0.019092777401673974,
        -0.035471269833125686,
        -0.018617237507966546
      ],
      "delta_A": [
        0.0,
        -0.0026457730110479097,
        -0.019024265442499622,
        -0.0021702331173404817
      ],
      "reference_absorbance": -0.016447004390626064,
      "slope": -0.00025742318340399095,
      "slope_unit": "AU/ppm",
      "intercept": -0.004737307771553047,
      "r2": 0.012807270284235693,
      "spearman_r": -0.39999999999999997,
      "rmse": 0.007559392013842266,
      "lod_ppm": 88.09686735143998,
      "loq_ppm": 293.6562245047999,
      "method": "window_avg",
      "roi_range": [
        580.0,
        590.0
      ]
    },
    "differential": {
      "concentrations": [
        1.0,
        3.0,
        5.0,
        10.0
      ],
      "absorbance_values": [
        0.013076221579109966,
        0.016022208117451288,
        0.022717575409378743,
        0.027095061570021582
      ],
      "delta_A": [
        0.0,
        0.0029459865383413223,
        0.009641353830268777,
        0.014018839990911617
      ],
      "reference_absorbance": 0.013076221579109966,
      "slope": 0.0015833245132459413,
      "slope_unit": "AU/ppm",
      "intercept": -0.0008692463480377919,
      "r2": 0.9256896002129177,
      "spearman_r": 1.0,
      "rmse": 0.0015004743176720633,
      "lod_ppm": 2.84301980759959,
      "loq_ppm": 9.476732691998631,
      "method": "differential",
      "roi_range": [
        580.0,
        590.0
      ],
      "r2_cv": 0.4532073335176462,
      "rmse_cv": 0.004070193984517662
    }
  },
  "best_method": "differential"
}