{
  "Acetone": {
    "gas": "Acetone",
    "roi_nm": [
      675,
      689
    ],
    "concentrations_ppm": [
      1.0,
      3.0,
      5.0,
      10.0
    ],
    "reference_peak_nm": 682.0903325853334,
    "standard": {
      "wavelength_shifts": [
        -1.7195189813130582,
        -0.49952652324498104,
        -0.17970174083336588,
        -2.4282559510033934
      ],
      "peak_positions": [
        680.3708136040203,
        681.5908060620884,
        681.9106308445,
        679.66207663433
      ],
      "calibration": {
        "slope": -0.122254783963653,
        "intercept": -0.6260405752713479,
        "r_squared": 0.2020675193577972,
        "r_value": -0.4495192091087957,
        "p_value": 0.5504807908912043,
        "std_error": 0.1717851749972946,
        "se_estimate": 1.1491645004572184,
        "slope_ci_95": [
          -0.8613867360870919,
          0.616877168159786
        ],
        "sensitivity_nm_per_ppm": 0.122254783963653,
        "noise_std": 0.8125820109721505,
        "lod_ppm": 21.93387080055147,
        "loq_ppm": 66.46627515318627,
        "n_points": 4
      }
    },
    "enhanced": {
      "wavelength_shifts": [
        0.40642912707380674,
        -1.3889853755282502,
        -1.9093145195103034,
        2.9705439610777375
      ],
      "peak_positions": [
        682.4967617124072,
        680.7013472098051,
        680.1810180658231,
        685.0608765464111
      ],
      "snr_improvement": [
        0.7848783110716991,
        0.22247682369602564,
        0.19098829355365038,
        0.6980141907611275
      ],
      "calibration": {
        "slope": 0.35809256640063036,
        "intercept": -1.6812713921247466,
        "r_squared": 0.394045877290629,
        "r_value": 0.6277307362959289,
        "p_value": 0.3722692637040711,
        "std_error": 0.31399793075787363,
        "se_estimate": 2.1005029988743487,
        "slope_ci_95": [
          -0.9929314874936749,
          1.7091166202949357
        ],
        "sensitivity_nm_per_ppm": 0.35809256640063036,
        "noise_std": 1.4852799144067308,
        "lod_ppm": 13.687588566299777,
        "loq_ppm": 41.47754110999932,
        "n_points": 4
      }
    },
    "improvement": {
      "sensitivity_percent": 192.9067925121795,
      "r_squared_delta": 0.1919783579328318,
      "lod_reduction_percent": 37.596110186097945,
      "avg_snr_improvement": 0.47408940477062567
    }
  },
  "Ethanol": {
    "gas": "Ethanol",
    "roi_nm": [
      520,
      560
    ],
    "concentrations_ppm": [
      1.0,
      3.0,
      5.0,
      10.0
    ],
    "reference_peak_nm": 539.943176840339,
    "standard": {
      "wavelength_shifts": [
        1.435714448397448,
        4.257850914696519,
        4.238196566712418,
        5.987782978781524
      ],
      "peak_positions": [
        541.3788912887364,
        544.2010277550355,
        544.1813734070514,
        545.9309598191205
      ],
      "calibration": {
        "slope": 0.43933500554350324,
        "intercept": 1.8930449508153369,
        "r_squared": 0.8111447136942288,
        "r_value": 0.9006357275248572,
        "p_value": 0.09936427247514279,
        "std_error": 0.14989812915149422,
        "se_estimate": 1.0027501424879142,
        "slope_ci_95": [
          -0.20562458902651826,
          1.0842946001135247
        ],
        "sensitivity_nm_per_ppm": 0.43933500554350324,
        "noise_std": 0.7090514255889809,
        "lod_ppm": 5.325935049379855,
        "loq_ppm": 16.139197119332895,
        "n_points": 4
      }
    },
    "enhanced": {
      "wavelength_shifts": [
        1.140152654817257,
        -0.6251473064182846,
        0.30833083169920883,
        2.531440530463442
      ],
      "peak_positions": [
        541.0833294951562,
        539.3180295339207,
        540.2515076720382,
        542.4746173708024
      ],
      "snr_improvement": [
        0.8131813610480225,
        0.8983305841696331,
        0.9674665478642849,
        1.032088720427798
      ],
      "calibration": {
        "slope": 0.22761074465978004,
        "intercept": -0.24245685949354945,
        "r_squared": 0.43088883219568025,
        "r_value": 0.6564212307624429,
        "p_value": 0.34357876923755715,
        "std_error": 0.18496676318049882,
        "se_estimate": 1.2373433156548816,
        "slope_ci_95": [
          -0.568237003841853,
          1.0234584931614132
        ],
        "sensitivity_nm_per_ppm": 0.22761074465978004,
        "noise_std": 0.8749338491554135,
        "lod_ppm": 12.685173129803752,
        "loq_ppm": 38.43991857516288,
        "n_points": 4
      }
    },
    "improvement": {
      "sensitivity_percent": -48.19198520768865,
      "r_squared_delta": -0.38025588149854855,
      "lod_reduction_percent": -138.17739067773266,
      "avg_snr_improvement": 0.9277668033774347
    }
  },
  "Methanol": {
    "gas": "Methanol",
    "roi_nm": [
      515,
      545
    ],
    "concentrations_ppm": [
      1.0,
      3.0,
      5.0,
      10.0
    ],
    "reference_peak_nm": 529.988678263233,
    "standard": {
      "wavelength_shifts": [
        -1.372086329309127,
        -1.4360772048186163,
        -2.920575057655128,
        -3.1957730177570056
      ],
      "peak_positions": [
        528.6165919339239,
        528.5526010584144,
        527.0681032055779,
        526.792905245476
      ],
      "calibration": {
        "slope": -0.22010040814069848,
        "intercept": -1.1856509637166515,
        "r_squared": 0.7809538074770356,
        "r_value": -0.883715908806125,
        "p_value": 0.11628409119387495,
        "std_error": 0.08242539386356346,
        "se_estimate": 0.5513883055723704,
        "slope_ci_95": [
          -0.5747482540440394,
          0.13454743776264244
        ],
        "sensitivity_nm_per_ppm": 0.22010040814069848,
        "noise_std": 0.38989040993718327,
        "lod_ppm": 5.84568817323694,
        "loq_ppm": 17.714206585566487,
        "n_points": 4
      }
    },
    "enhanced": {
      "wavelength_shifts": [
        -0.28588477372920806,
        0.2471588246258989,
        -3.186062047184919,
        -3.299829158065336
      ],
      "peak_positions": [
        529.7027934895038,
        530.235837087859,
        526.8026162160481,
        526.6888491051677
      ],
      "snr_improvement": [
        0.9485933417955851,
        1.0139197788563294,
        0.7213931628605431,
        0.7140274061083086
      ],
      "calibration": {
        "slope": -0.3906386286759784,
        "intercept": 0.2243791976225067,
        "r_squared": 0.6478907894915575,
        "r_value": -0.8049166351191641,
        "p_value": 0.19508336488083586,
        "std_error": 0.20363291519725507,
        "se_estimate": 1.3622113623773762,
        "slope_ci_95": [
          -1.266800347105431,
          0.485523089753474
        ],
        "sensitivity_nm_per_ppm": 0.3906386286759784,
        "noise_std": 0.9632288917464081,
        "lod_ppm": 8.137073779766245,
        "loq_ppm": 24.657799332624986,
        "n_points": 4
      }
    },
    "improvement": {
      "sensitivity_percent": 77.482010131605,
      "r_squared_delta": -0.13306301798547804,
      "lod_reduction_percent": -39.197876086169906,
      "avg_snr_improvement": 0.8494834224051916
    }
  },
  "Isopropanol": {
    "gas": "Isopropanol",
    "roi_nm": [
      525,
      555
    ],
    "concentrations_ppm": [
      1.0,
      3.0,
      5.0,
      10.0
    ],
    "reference_peak_nm": 539.9357427984211,
    "standard": {
      "wavelength_shifts": [
        0.3666197569465339,
        2.1241248059532154,
        3.1772477263838255,
        2.9656335504837443
      ],
      "peak_positions": [
        540.3023625553676,
        542.0598676043743,
        543.1129905248049,
        542.9013763489048
      ],
      "calibration": {
        "slope": 0.25188481726632367,
        "intercept": 0.9619535779267923,
        "r_squared": 0.5792729658329001,
        "r_value": 0.761099839595897,