{
  "zno_bandgap": 3.37,
  "absorption_edge": 367.9525222551929,
  "penetration_depths": [
    234.41047783436082,
    234.52986183122067,
    234.64924582808058,
    234.76862982494043,
    234.88801382180034,
    235.0073978186602,
    235.12678181552008,
    235.24616581237993,
    235.36554980923978,
    235.4849338060997,
    235.60431780295954,
    235.72370179981945,
    235.8430857966793,
    235.96246979353919,
    236.08185379039904,
    236.2012377872589,
    236.3206217841188,
    236.44000578097865,
    236.55938977783856,
    236.6787737746984,
    236.79815777155827,
    236.91754176841818,
    237.03692576527803,
    237.1563097621379,
    237.27569375899776,
    237.39507775585767,
    237.51446175271752,
    237.63384574957738,
    237.75322974643728,
    237.87261374329714,
    237.99199774015702,
    238.11138173701687,
    238.23076573387678,
    238.35014973073663,
    238.46953372759648,
    238.5889177244564,
    238.70830172131625,
    238.82768571817616,
    238.947069715036,
    239.0664537118959,
    239.18583770875574,
    239.3052217056156,
    239.4246057024755,
    239.54398969933536,
    239.66337369619526,
    239.78275769305512,
    239.902141689915,
    240.02152568677485,
    240.1409096836347,
    240.2602936804946,
    240.37967767735447,
    240.49906167421437,
    240.61844567107423,
    240.73782966793408,
    240.857213664794,
    240.97659766165384,
    241.09598165851372,
    241.21536565537357,
    241.33474965223348,
    241.45413364909334,
    241.5735176459532,
    241.6929016428131,
    241.81228563967295,
    241.93166963653283,
    242.05105363339268,
    242.1704376302526,
    242.28982162711245,
    242.4092056239723,
    242.5285896208322,
    242.64797361769206,
    242.76735761455194,
    242.88674161141182,
    243.0061256082717,
    243.12550960513155,
    243.2448936019914,
    243.36427759885132,
    243.48366159571117,
    243.60304559257108,
    243.72242958943093,
    243.8418135862908,
    243.96119758315066,
    244.08058158001052,
    244.19996557687043,
    244.31934957373028,
    244.4387335705902,
    244.55811756745004,
    244.6775015643099,
    244.79688556116977,
    244.91626955802965,
    245.03565355488954,
    245.1550375517494,
    245.2744215486093,
    245.39380554546915,
    245.513189542329,
    245.6325735391889,
    245.75195753604876,
    245.87134153290864,
    245.9907255297685,
    246.1101095266284,
    246.22949352348826
  ],
  "optimal_roi": [
    595,
    625
  ],
  "theoretical_basis": [
    "Enhanced evanescent field overlap with ZnO layer",
    "Minimal background absorption in visible range",
    "Optimal charge transfer for acetone-ZnO complex",
    "Reduced scattering and interference effects"
  ],
  "cohens_d": 4.29,
  "effect_size": "very_large",
  "power": 0.95,
  "sample_size_adequate": true
}