{
  "absorbance_calibration": {
    "raw": {
      "concentrations": [
        1.0,
        3.0,
        5.0,
        10.0
      ],
      "absorbance_values": [
        0.02778044886243708,
        0.07065625064393401,
        0.09837372664963379,
        0.0448580434716514
      ],
      "delta_A": [
        0.0,
        0.04287580178149693,
        0.0705932777871967,
        0.01707759460921432
      ],
      "reference_absorbance": 0.02778044886243708,
      "slope": 0.0007211852073196587,
      "slope_unit": "AU/ppm",
      "intercept": 0.029211038809708607,
      "r2": 0.00815864871093193,
      "spearman_r": 0.39999999999999997,
      "rmse": 0.026596551056641955,
      "lod_ppm": 110.63684107785622,
      "loq_ppm": 368.7894702595207,
      "method": "raw",
      "roi_range": [
        840.0,
        860.0
      ],
      "r2_cv": -8.943766117636162,
      "rmse_cv": 0.08421310253190217
    },
    "window_avg": {
      "concentrations": [
        1.0,
        3.0,
        5.0,
        10.0
      ],
      "absorbance_values": [
        0.014424101037155844,
        0.04393041195135507,
        0.061070742068599033,
        0.02490328824135335
      ],
      "delta_A": [
        0.0,
        0.029506310914199224,
        0.04664664103144319,
        0.010479187204197505
      ],
      "reference_absorbance": 0.014424101037155844,
      "slope": 0.0003361195302804258,
      "slope_unit": "AU/ppm",
      "intercept": 0.02006146701862796,
      "r2": 0.00394956436978124,
      "spearman_r": 0.39999999999999997,
      "rmse": 0.017853622133681052,
      "lod_ppm": 159.35065230026092,
      "loq_ppm": 531.1688410008697,
      "method": "window_avg",
      "roi_range": [
        840.0,
        860.0
      ]
    },
    "differential": {
      "concentrations": [
        1.0,
        3.0,
        5.0,
        10.0
      ],
      "absorbance_values": [
        0.05243903738140402,
        0.0917452375612455,
        0.1315842849718771,
        0.061193765776380915
      ],
      "delta_A": [
        0.0,
        0.03930620017984148,
        0.07914524759047309,
        0.008754728394976895
      ],
      "reference_absorbance": 0.05243903738140402,
      "slope": -6.787071158604736e-05,
      "slope_unit": "AU/ppm",
      "intercept": 0.0321239299213566,
      "r2": 5.367838894185704e-05,
      "spearman_r": 0.39999999999999997,
      "rmse": 0.030984003560133047,
      "lod_ppm": 1369.5452502004991,
      "loq_ppm": 4565.1508340016635,
      "method": "differential",
      "roi_range": [
        840.0,
        860.0
      ]
    }
  },
  "best_method": "raw"
}