concentration,peak_wavelength
0.1,0.1364022633473767
0.5,0.13493567955268243
1.0,0.13645619740604234
5.0,0.14031572790662186
10.0,0.14394368870600438
