{
  "per_concentration": {
    "11.0": {
      "mean_T90": 688.45979988,
      "std_T90": 31.631867979638454,
      "mean_T10": 860.40204265,
      "std_T10": 2.7339618024253953,
      "count": 2
    },
    "12.0": {
      "mean_T90": 689.044802975,
      "std_T90": 31.470053982029874,
      "mean_T10": 861.247635485,
      "std_T10": 1.1962692587682346,
      "count": 2
    },
    "13.0": {
      "mean_T90": 665.976201965,
      "std_T90": 1.153874431285818,
      "mean_T10": 862.214394855,
      "std_T10": 0.5127655322320686,
      "count": 2
    },
    "14.0": {
      "mean_T90": 688.45979988,
      "std_T90": 31.631867979638454,
      "mean_T10": 862.2144133899999,
      "std_T10": 0.8546092133156539,
      "count": 2
    },
    "15.0": {
      "mean_T90": 688.5830041950001,
      "std_T90": 33.45433373627791,
      "mean_T10": 861.85181487,
      "std_T10": 0.0,
      "count": 2
    },
    "51.0": {
      "mean_T90": 688.699539985,
      "std_T90": 33.28952724155805,
      "mean_T10": 861.9727629399999,
      "std_T10": 1.5382375462088511,
      "count": 2
    },
    "52.0": {
      "mean_T90": 665.16028953,
      "std_T90": 0.0,
      "mean_T10": 861.97267023,
      "std_T10": 0.1709152891974932,
      "count": 2
    },
    "53.0": {
      "mean_T90": 690.1096377599999,
      "std_T90": 34.62443157300294,
      "mean_T10": 861.73105689,
      "std_T10": 1.5381785310767835,
      "count": 2
    },
    "54.0": {
      "mean_T90": 688.93489775,
      "std_T90": 33.62237338483087,
      "mean_T10": 862.57697947,
      "std_T10": 0.34186334572317434,
      "count": 2
    },
    "55.0": {
      "mean_T90": 666.792120175,
      "std_T90": 0.3297356088266539,
      "mean_T10": 861.85181487,
      "std_T10": 0.0,
      "count": 2
    },
    "101.0": {
      "mean_T90": 664.92721795,
      "std_T90": NaN,
      "mean_T10": 863.06046114,
      "std_T10": NaN,
      "count": 1
    },
    "102.0": {
      "mean_T90": 666.55896189,
      "std_T90": NaN,
      "mean_T10": 861.85181487,
      "std_T10": NaN,
      "count": 1
    },
    "103.0": {
      "mean_T90": 666.09269153,
      "std_T90": NaN,
      "mean_T10": 862.09352559,
      "std_T10": NaN,
      "count": 1
    },
    "104.0": {
      "mean_T90": 664.4611095,
      "std_T90": NaN,
      "mean_T10": 860.40174538,
      "std_T10": NaN,
      "count": 1
    },
    "105.0": {
      "mean_T90": 665.39337269,
      "std_T90": NaN,
      "mean_T10": 861.85181487,
      "std_T10": NaN,
      "count": 1
    }
  },
  "overall": {
    "mean_T90": 678.7149416699999,
    "std_T90": 21.271824841516505,
    "mean_T10": 861.813221326,
    "std_T10": 1.019821218955257,
    "count": 25
  }
}