{
  "0.1": {
    "Multi mix vary-MeOH-0.1-1": {
      "rms": 0.6296895132699705,
      "mad": 0.2828354865175346,
      "spectral_entropy": 11.763048627418671,
      "snr": 5.0035033310548025
    },
    "Multi mix vary-MeOH-0.1-2": {
      "rms": 0.6186737380992128,
      "mad": 0.2965976409537969,
      "spectral_entropy": 11.758488937021482,
      "snr": 5.163022135542457
    },
    "Multi mix vary-MeOH-0.1-3": {
      "rms": 0.6051334802630612,
      "mad": 0.3018392417748054,
      "spectral_entropy": 11.751939861565644,
      "snr": 5.414911972835782
    },
    "Multi mix vary-MeOH-0.1-4": {
      "rms": 0.6052942228615485,
      "mad": 0.30945226363621153,
      "spectral_entropy": 11.744810185062224,
      "snr": 5.3059028440965585
    },
    "Multi mix vary-MeOH-0.1-5": {
      "rms": 0.6080107310493782,
      "mad": 0.3092021967212542,
      "spectral_entropy": 11.74832899855303,
      "snr": 5.418786126570744
    }
  },
  "0.5": {
    "Multi mix vary-MeOH-0.5-1": {
      "rms": 0.6096355546272156,
      "mad": 0.30491605304921465,
      "spectral_entropy": 11.745755609561193,
      "snr": 5.441120090565115
    },
    "Multi mix vary-MeOH-0.5-2": {
      "rms": 0.602127899240719,
      "mad": 0.3050177114238026,
      "spectral_entropy": 11.738214666261461,
      "snr": 5.382610532077132
    },
    "Multi mix vary-MeOH-0.5-3": {
      "rms": 0.6048913368942013,
      "mad": 0.2930493652899846,
      "spectral_entropy": 11.688249816928503,
      "snr": 5.498436826115348
    },
    "Multi mix vary-MeOH-0.5-4": {
      "rms": 0.6173532228004146,
      "mad": 0.29794603702394123,
      "spectral_entropy": 11.743988138958278,
      "snr": 5.108915601770792
    },
    "Multi mix vary-MeOH-0.5-5": {
      "rms": 0.6112292242067914,
      "mad": 0.3063136176326429,
      "spectral_entropy": 11.737468607825729,
      "snr": 5.325192699459186
    }
  },
  "1.0": {
    "Multi mix vary-MeOH-1-1": {
      "rms": 0.6206787341739033,
      "mad": 0.2916329689468298,
      "spectral_entropy": 11.755814272953394,
      "snr": 5.291876949444408
    },
    "Multi mix vary-MeOH-1-2": {
      "rms": 0.612591188142356,
      "mad": 0.29008447480229643,
      "spectral_entropy": 11.754813440460454,
      "snr": 5.302928046571173
    },
    "Multi mix vary-MeOH-1-3": {
      "rms": 0.6148763518550501,
      "mad": 0.29833370800775655,
      "spectral_entropy": 11.745278382297936,
      "snr": 5.331654907674313
    },
    "Multi mix vary-MeOH-1-4": {
      "rms": 0.6078452624283837,
      "mad": 0.29119042556120506,
      "spectral_entropy": 11.753270493321445,
      "snr": 5.506772827600166
    },
    "Multi mix vary-MeOH-1-5": {
      "rms": 0.6019202437195396,
      "mad": 0.3182993118580319,
      "spectral_entropy": 11.724853243554975,
      "snr": 5.469987410745738
    }
  },
  "10.0": {
    "Multi mix vary-MeOH-10-1": {
      "rms": 0.5935957669716329,
      "mad": 0.3191847475192961,
      "spectral_entropy": 11.70095043740615,
      "snr": 5.418456252906009
    },
    "Multi mix vary-MeOH-10-2": {
      "rms": 0.6056769584682108,
      "mad": 0.302220628452829,
      "spectral_entropy": 11.738360555408406,
      "snr": 5.488705484839789
    },
    "Multi mix vary-MeOH-10-3": {
      "rms": 0.6066981776236284,
      "mad": 0.3011420882441807,
      "spectral_entropy": 11.692431788227173,
      "snr": 5.476431617239376
    },
    "Multi mix vary-MeOH-10-4": {
      "rms": 0.60947383891563,
      "mad": 0.30354052430279693,
      "spectral_entropy": 11.739143307618495,
      "snr": 5.490807825139277
    },
    "Multi mix vary-MeOH-10-5": {
      "rms": 0.6045144136999834,
      "mad": 0.3095442685334503,
      "spectral_entropy": 11.745269261180985,
      "snr": 5.455218159178633
    }
  },
  "5.0": {
    "Multi mix vary-MeOH-5-1": {
      "rms": 0.5992818474220082,
      "mad": 0.30497038826391953,
      "spectral_entropy": 11.724734908506605,
      "snr": 5.413397923643031
    },
    "Multi mix vary-MeOH-5-2": {
      "rms": 0.6008524649873683,
      "mad": 0.31918720161875125,
      "spectral_entropy": 11.73845859118637,
      "snr": 5.420925994429788
    },
    "Multi mix vary-MeOH-5-3": {
      "rms": 0.600736357629187,
      "mad": 0.31178774899016504,
      "spectral_entropy": 11.715225748593891,
      "snr": 5.595077429585526
    },
    "Multi mix vary-MeOH-5-4": {
      "rms": 0.6125639168847752,
      "mad": 0.2927195844525497,
      "spectral_entropy": 11.711325126714662,
      "snr": 5.389101549130308
    },
    "Multi mix vary-MeOH-5-5": {
      "rms": 0.6065884601145961,
      "mad": 0.295925331120551,
      "spectral_entropy": 11.717940121751994,
      "snr": 5.371128915308393
    }
  }
}