{
  "regression_slope": 0.002011773581470766,
  "regression_intercept": 0.7750259145790331,
  "regression_r2": 0.4446322781092166,
  "regression_rmse": 0.008481355565294661,
  "dynamic_range": 0.031505612840095565,
  "dynamic_range_per_ppm": 0.0031823851353631884,
  "mean_cv": 0.020540020157256898,
  "max_cv": 0.03554977000593695,
  "min_cv": 0.0078275177328497,
  "lod_ppm": 29.356167264106464,
  "loq_ppm": 97.85389088035487,
  "ppm_span": 9.9,
  "concentrations": [
    0.1,
    0.5,
    1.0,
    5.0,
    10.0
  ],
  "mean_transmittance_per_concentration": [
    0.7671161397754533,
    0.7907184393589083,
    0.7747987645980975,
    0.777269917999573,
    0.7986217526155489
  ],
  "std_transmittance_per_concentration": [
    0.027270802336859547,
    0.013913843282046371,
    0.015453026201702205,
    0.00608409406635229,
    0.01739540993701402
  ],
  "cv_transmittance_per_concentration": [
    0.03554977000593695,
    0.01759645733483503,
    0.019944567425475925,
    0.0078275177328497,
    0.02178178828718688
  ]
}