{
  "absorbance_calibration": {
    "raw": {
      "concentrations": [
        1.0,
        3.0,
        5.0,
        10.0
      ],
      "absorbance_values": [
        0.15873878002739586,
        0.32349813740808125,
        0.28714501370105094,
        0.3069250265443861
      ],
      "delta_A": [
        0.0,
        0.1647593573806854,
        0.12840623367365508,
        0.14818624651699022
      ],
      "reference_absorbance": 0.15873878002739586,
      "slope": 0.011659228541148894,
      "slope_unit": "AU/ppm",
      "intercept": 0.05495662382237542,
      "r2": 0.3600573383500874,
      "spearman_r": 0.39999999999999997,
      "rmse": 0.051990146086365964,
      "lod_ppm": 13.377423532666135,
      "loq_ppm": 44.591411775553794,
      "method": "raw",
      "roi_range": [
        645.0,
        670.0
      ]
    },
    "window_avg": {
      "concentrations": [
        1.0,
        3.0,
        5.0,
        10.0
      ],
      "absorbance_values": [
        0.1403537153756337,
        0.2958311527261963,
        0.2598111247821417,
        0.27479151592897716
      ],
      "delta_A": [
        0.0,
        0.1554774373505626,
        0.11945740940650798,
        0.13443780055334345
      ],
      "reference_absorbance": 0.1403537153756337,
      "slope": 0.010359269047892639,
      "slope_unit": "AU/ppm",
      "intercept": 0.05313663385011347,
      "r2": 0.32846860968877545,
      "spearman_r": 0.39999999999999997,
      "rmse": 0.04954294965696946,
      "lod_ppm": 14.347426279187488,
      "loq_ppm": 47.82475426395829,
      "method": "window_avg",
      "roi_range": [
        645.0,
        670.0
      ]
    },
    "differential": {
      "concentrations": [
        1.0,
        3.0,
        5.0,
        10.0
      ],
      "absorbance_values": [
        0.0943790247874834,
        0.13081793659489294,
        0.13866936918716366,
        0.14204654237693976
      ],
      "delta_A": [
        0.0,
        0.03643891180740953,
        0.044290344399680256,
        0.04766751758945635
      ],
      "reference_absorbance": 0.0943790247874834,
      "slope": 0.00441472531355529,
      "slope_unit": "AU/ppm",
      "intercept": 0.011129248209748904,
      "r2": 0.6055934213374021,
      "spearman_r": 1.0,
      "rmse": 0.011916582162193178,
      "lod_ppm": 8.097841643014785,
      "loq_ppm": 26.99280547671595,
      "method": "differential",
      "roi_range": [
        645.0,
        670.0
      ],
      "r2_cv": -2.489680547783285,
      "rmse_cv": 0.03544642765344523
    }
  },
  "best_method": "differential"
}