{
  "gas": "Ethanol",
  "timestamp": "2026-02-10T16:28:42.442577",
  "pipeline_version": "CODEMAP_aligned_v1.0",
  "roi_range": [
    645.0,
    670.0
  ],
  "expected_center": 673.5,
  "n_concentrations": 4,
  "concentrations": [
    1.0,
    3.0,
    5.0,
    10.0
  ],
  "calibration_wavelength_shift": {
    "centroid": {
      "concentrations": [
        1.0,
        3.0,
        5.0,
        10.0
      ],
      "peak_wavelengths": [
        659.951841931691,
        656.854988385974,
        657.4142871240193,
        656.4112245658677
      ],
      "delta_lambda": [
        0.0,
        -3.0968535457169537,
        -2.537554807671654,
        -3.540617365823323
      ],
      "reference_wavelength": 659.951841931691,
      "slope": -0.3084499702231439,
      "slope_unit": "nm/ppm",
      "intercept": -0.828619071243049,
      "r2": 0.5661382837679148,
      "r_value": -0.7524216130388034,
      "p_value": 0.24757838696119647,
      "std_err": 0.1909343810715961,
      "rmse": 0.9031620064846917,
      "spearman_r": -0.7999999999999999,
      "spearman_p": 0.20000000000000007,
      "noise_std": 0.9031620064846917,
      "lod_ppm": 8.784199322483106,
      "loq_ppm": 29.280664408277023,
      "slope_ci_95": [
        -0.7174830720034193,
        -0.06863214748142224
      ],
      "n_points": 4,
      "method": "centroid",
      "roi_range": [
        645.0,
        670.0
      ]
    },
    "minimum": {
      "concentrations": [
        1.0,
        3.0,
        5.0,
        10.0
      ],
      "peak_wavelengths": [
        661.43253438,
        661.66543209,
        661.66543209,
        651.89375921
      ],
      "delta_lambda": [
        0.0,
        0.23289770999997472,
        0.23289770999997472,
        -9.538775170000008
      ],
      "reference_wavelength": 661.43253438,
      "slope": -1.1268808091061453,
      "slope_unit": "nm/ppm",
      "intercept": 3.0844389057541752,
      "r2": 0.8058520914638557,
      "r_value": -0.8976926486631467,
      "p_value": 0.10230735133685331,
      "std_err": 0.3911124804568145,
      "rmse": 1.8500488525328769,
      "spearman_r": -0.316227766016838,
      "spearman_p": 0.683772233983162,
      "noise_std": 1.850048852532877,
      "lod_ppm": 4.925229458828987,
      "loq_ppm": 16.417431529429955,
      "slope_ci_95": [
        -1.5525087753271,
        0.06351755727272038
      ],
      "n_points": 4,
      "method": "minimum",
      "roi_range": [
        645.0,
        670.0
      ],
      "r2_cv": -0.9377670889237233,
      "rmse_cv": 5.844772696903547
    }
  },
  "calibration_absorbance": {
    "raw": {
      "concentrations": [
        1.0,
        3.0,
        5.0,
        10.0
      ],
      "absorbance_values": [
        0.15873878002739586,
        0.32349813740808125,
        0.28714501370105094,
        0.3069250265443861
      ],
      "delta_A": [
        0.0,
        0.1647593573806854,
        0.12840623367365508,
        0.14818624651699022
      ],
      "reference_absorbance": 0.15873878002739586,
      "slope": 0.011659228541148894,
      "slope_unit": "AU/ppm",
      "intercept": 0.05495662382237542,
      "r2": 0.3600573383500874,
      "spearman_r": 0.39999999999999997,
      "rmse": 0.051990146086365964,
      "lod_ppm": 13.377423532666135,
      "loq_ppm": 44.591411775553794,
      "method": "raw",
      "roi_range": [
        645.0,
        670.0
      ]
    },
    "window_avg": {
      "concentrations": [
        1.0,
        3.0,
        5.0,
        10.0
      ],
      "absorbance_values": [
        0.1403537153756337,
        0.2958311527261963,
        0.2598111247821417,
        0.27479151592897716
      ],
      "delta_A": [
        0.0,
        0.1554774373505626,
        0.11945740940650798,
        0.13443780055334345
      ],
      "reference_absorbance": 0.1403537153756337,
      "slope": 0.010359269047892639,
      "slope_unit": "AU/ppm",
      "intercept": 0.05313663385011347,
      "r2": 0.32846860968877545,
      "spearman_r": 0.39999999999999997,
      "rmse": 0.04954294965696946,
      "lod_ppm": 14.347426279187488,
      "loq_ppm": 47.82475426395829,
      "method": "window_avg",
      "roi_range": [
        645.0,
        670.0
      ]
    },
    "differential": {
      "concentrations": [
        1.0,
        3.0,
        5.0,
        10.0
      ],
      "absorbance_values": [
        0.0943790247874834,
        0.13081793659489294,
        0.13866936918716366,
        0.14204654237693976
      ],
      "delta_A": [
        0.0,
        0.03643891180740953,
        0.044290344399680256,
        0.04766751758945635
      ],
      "reference_absorbance": 0.0943790247874834,
      "slope": 0.00441472531355529,
      "slope_unit": "AU/ppm",
      "intercept": 0.011129248209748904,
      "r2": 0.6055934213374021,
      "spearman_r": 1.0,
      "rmse": 0.011916582162193178,
      "lod_ppm": 8.097841643014785,
      "loq_ppm": 26.99280547671595,
      "method": "differential",
      "roi_range": [
        645.0,
        670.0
      ],
      "r2_cv": -2.489680547783285,
      "rmse_cv": 0.03544642765344523
    }
  },
  "best_method_wavelength_shift": "minimum",
  "best_method_absorbance": "differential",
  "loocv_validation": {
    "wavelength_shift": {
      "r2_cv": -0.9377670889237233,
      "rmse_cv": 5.844772696903547,
      "predictions": [
        4.492344862820481,
        -0.5434065559836161,
        -3.4845086341044884,
        0.5628361324999389
      ],
      "residuals": [
        -4.492344862820481,
        0.7763042659835908,
        3.717406344104463,
        -10.101611302499947
      ],
      "n_folds": 4
    },
    "absorbance": {
      "r2_cv": -2.489680547783285,
      "rmse_cv": 0.03544642765344523,
      "predictions": [
        0.035671426418864755,
        0.01873627008116313,
        0.029479470799936024,
        0.10441785476847039
      ],
      "residuals": [
        -0.035671426418864755,
        0.0177026417262464,
        0.014810873599744232,
        -0.05675033717901404
      ],
      "n_folds": 4
    }
  },
  "roi_scan": {
    "best_roi": [
      645.0,
      670.0
    ],
    "best_center": 657.5,
    "best_width": 25,
    "best_method": "derivative",
    "best_r2": 0.9854996034165616,
    "best_spearman": 1.0,
    "best_slope": 0.32745881117317843,
    "best_lod": 1.2171651023514494,
    "best_score": 1.0883996827332494,
    "calibration": {
      "concentrations": [
        1.0,
        3.0,
        5.0,
        10.0
      ],
      "peak_wavelengths": [
        653.98595462,
        654.91612363,
        655.61387315,
        657.00968756
      ],
      "delta_lambda": [
        0.0,
        0.930169009999986,
        1.627918529999988,
        3.0237329399999453
      ],
      "reference_wavelength": 653.98595462,
      "slope": 0.32745881117317843,
      "slope_unit": "nm/ppm",
      "intercept": -0.1599742330726177,
      "r2": 0.9854996034165616,
      "r_value": 0.9927233267212782,
      "p_value": 0.007276673278721835,
      "std_err": 0.028086873366284473,
      "rmse": 0.13285714580582855,
      "spearman_r": 1.0,
      "spearman_p": 0.0,
      "noise_std": 0.13285714580582855,
      "lod_ppm": 1.2171651023514494,
      "loq_ppm": 4.057217007838164,
      "slope_ci_95": [
        0.2934961653270962,
        0.4122618936363603
      ],
      "n_points": 4,
      "method": "derivative",
      "roi_range": [
        645.0,
        670.0
      ]
    },
    "n_candidates": 391,
    "top_10_candidates": [
      {
        "roi_center": 520.0,
        "roi_width": 10,
        "roi_range": [
          515.0,
          525.0
        ],
        "method": "centroid",
        "r2": 0.9938925942990453,
        "spearman_r": 1.0,
        "slope": 0.027220787171408547,
        "lod_ppm": 0.7865864062012511,
        "score": 1.0951140754392363
      },
      {
        "roi_center": 632.5,
        "roi_width": 25,
        "roi_range": [
          620.0,
          645.0
        ],
        "method": "centroid",