{
  "absorbance_calibration": {
    "raw": {
      "concentrations": [
        1.0,
        3.0,
        5.0,
        10.0
      ],
      "absorbance_values": [
        0.07616530516667375,
        0.08371342832712449,
        0.11624648564686609,
        0.1420454783607589
      ],
      "delta_A": [
        0.0,
        0.00754812316045074,
        0.04008118048019234,
        0.06588017319408515
      ],
      "reference_absorbance": 0.07616530516667375,
      "slope": 0.007657698075043717,
      "slope_unit": "AU/ppm",
      "intercept": -0.007996696647775602,
      "r2": 0.9430681871842933,
      "spearman_r": 1.0,
      "rmse": 0.006293188237266437,
      "lod_ppm": 2.465436026177035,
      "loq_ppm": 8.218120087256782,
      "method": "raw",
      "roi_range": [
        835.0,
        845.0
      ],
      "r2_cv": 0.7498907244896811,
      "rmse_cv": 0.013190404531150014
    },
    "window_avg": {
      "concentrations": [
        1.0,
        3.0,
        5.0,
        10.0
      ],
      "absorbance_values": [
        0.05746569063193616,
        0.06626210917480801,
        0.1012379863308108,
        0.12184244304520492
      ],
      "delta_A": [
        0.0,
        0.008796418542871852,
        0.043772295698874635,
        0.06437675241326876
      ],
      "reference_absorbance": 0.05746569063193616,
      "slope": 0.007453123835628021,
      "slope_unit": "AU/ppm",
      "intercept": -0.006165971555479283,
      "r2": 0.9143426468421766,
      "spearman_r": 1.0,
      "rmse": 0.007630143367486463,
      "lod_ppm": 3.0712531560305916,
      "loq_ppm": 10.237510520101972,
      "method": "window_avg",
      "roi_range": [
        835.0,
        845.0
      ]
    },
    "differential": {
      "concentrations": [
        1.0,
        3.0,
        5.0,
        10.0
      ],
      "absorbance_values": [
        0.03284068545786593,
        0.02460090411983716,
        0.02213715949744814,
        0.04521662825610909
      ],
      "delta_A": [
        0.0,
        -0.008239781338028766,
        -0.010703525960417785,
        0.01237594279824316
      ],
      "reference_absorbance": 0.03284068545786593,
      "slope": 0.0017143561015021786,
      "slope_unit": "AU/ppm",
      "intercept": -0.009785032607186196,
      "r2": 0.40487827033664164,
      "spearman_r": 0.19999999999999998,
      "rmse": 0.006951975470976023,
      "lod_ppm": 12.165457570135738,
      "loq_ppm": 40.55152523378579,
      "method": "differential",
      "roi_range": [
        835.0,
        845.0
      ]
    }
  },
  "best_method": "raw"
}