{
  "gas": "Methanol",
  "timestamp": "2026-02-12T12:41:18.019067",
  "pipeline_version": "CODEMAP_aligned_v1.0",
  "roi_range": [
    835.0,
    845.0
  ],
  "expected_center": 655.0,
  "n_concentrations": 4,
  "concentrations": [
    1.0,
    3.0,
    5.0,
    10.0
  ],
  "calibration_wavelength_shift": {
    "centroid": {
      "concentrations": [
        1.0,
        3.0,
        5.0,
        10.0
      ],
      "peak_wavelengths": [
        840.7890992719512,
        840.4617050582499,
        840.5679237926928,
        840.5894883449333
      ],
      "delta_lambda": [
        0.0,
        -0.3273942137012682,
        -0.22117547925836334,
        -0.19961092701782945
      ],
      "reference_wavelength": 840.7890992719512,
      "slope": -0.011850533244267623,
      "slope_unit": "nm/ppm",
      "intercept": -0.13075512208409404,
      "r2": 0.11220964569616995,
      "r_value": -0.334977082344703,
      "p_value": 0.665022917655297,
      "std_err": 0.0235701860525593,
      "rmse": 0.11149221218814721,
      "spearman_r": -0.19999999999999998,
      "spearman_p": 0.8,
      "noise_std": 0.11149221218814721,
      "lod_ppm": 28.224606409693482,
      "loq_ppm": 94.08202136564495,
      "slope_ci_95": [
        -0.06514870954514022,
        0.01772262375986589
      ],
      "n_points": 4,
      "method": "centroid",
      "roi_range": [
        835.0,
        845.0
      ]
    },
    "minimum": {
      "concentrations": [
        1.0,
        3.0,
        5.0,
        10.0
      ],
      "peak_wavelengths": [
        842.54523883,
        842.54523883,
        842.54523883,
        841.82241549
      ],
      "delta_lambda": [
        0.0,
        0.0,
        0.0,
        -0.7228233399999908
      ],
      "reference_wavelength": 842.54523883,
      "slope": -0.08480050357541792,
      "slope_unit": "nm/ppm",
      "intercept": 0.22209655698323744,
      "r2": 0.8212290502793294,
      "r_value": -0.9062168892044163,
      "p_value": 0.09378311079558366,
      "std_err": 0.027976910609533365,
      "rmse": 0.13233699755663272,
      "spearman_r": -0.7745966692414834,
      "spearman_p": 0.22540333075851657,
      "noise_std": 0.13233699755663272,
      "lod_ppm": 4.681705602335411,
      "loq_ppm": 15.605685341118038,
      "slope_ci_95": [
        -0.1148410914018677,
        0.0
      ],
      "n_points": 4,
      "method": "minimum",
      "roi_range": [
        835.0,
        845.0
      ],
      "r2_cv": -0.7780476279970703,
      "rmse_cv": 0.41735392155202977
    }
  },
  "calibration_absorbance": {
    "raw": {
      "concentrations": [
        1.0,
        3.0,
        5.0,
        10.0
      ],
      "absorbance_values": [
        0.07616530516667375,
        0.08371342832712449,
        0.11624648564686609,
        0.1420454783607589
      ],
      "delta_A": [
        0.0,
        0.00754812316045074,
        0.04008118048019234,
        0.06588017319408515
      ],
      "reference_absorbance": 0.07616530516667375,
      "slope": 0.007657698075043717,
      "slope_unit": "AU/ppm",
      "intercept": -0.007996696647775602,
      "r2": 0.9430681871842933,
      "spearman_r": 1.0,
      "rmse": 0.006293188237266437,
      "lod_ppm": 2.465436026177035,
      "loq_ppm": 8.218120087256782,
      "method": "raw",
      "roi_range": [
        835.0,
        845.0
      ],
      "r2_cv": 0.7498907244896811,
      "rmse_cv": 0.013190404531150014
    },
    "window_avg": {
      "concentrations": [
        1.0,
        3.0,
        5.0,
        10.0
      ],
      "absorbance_values": [
        0.05746569063193616,
        0.06626210917480801,
        0.1012379863308108,
        0.12184244304520492
      ],
      "delta_A": [
        0.0,
        0.008796418542871852,
        0.043772295698874635,
        0.06437675241326876
      ],
      "reference_absorbance": 0.05746569063193616,
      "slope": 0.007453123835628021,
      "slope_unit": "AU/ppm",
      "intercept": -0.006165971555479283,
      "r2": 0.9143426468421766,
      "spearman_r": 1.0,
      "rmse": 0.007630143367486463,
      "lod_ppm": 3.0712531560305916,
      "loq_ppm": 10.237510520101972,
      "method": "window_avg",
      "roi_range": [
        835.0,
        845.0
      ]
    },
    "differential": {
      "concentrations": [
        1.0,
        3.0,
        5.0,
        10.0
      ],
      "absorbance_values": [
        0.03284068545786593,
        0.02460090411983716,
        0.02213715949744814,
        0.04521662825610909
      ],
      "delta_A": [
        0.0,
        -0.008239781338028766,
        -0.010703525960417785,
        0.01237594279824316
      ],
      "reference_absorbance": 0.03284068545786593,
      "slope": 0.0017143561015021786,
      "slope_unit": "AU/ppm",
      "intercept": -0.009785032607186196,
      "r2": 0.40487827033664164,
      "spearman_r": 0.19999999999999998,
      "rmse": 0.006951975470976023,
      "lod_ppm": 12.165457570135738,
      "loq_ppm": 40.55152523378579,
      "method": "differential",
      "roi_range": [
        835.0,
        845.0
      ]
    }
  },
  "best_method_wavelength_shift": "minimum",
  "best_method_absorbance": "raw",
  "loocv_validation": {
    "wavelength_shift": {
      "r2_cv": -0.7780476279970703,
      "rmse_cv": 0.41735392155202977,
      "predictions": [
        0.3150768405128166,
        -0.047398251803278085,
        -0.2697102014925339,
        0.0
      ],
      "residuals": [
        -0.3150768405128166,
        0.047398251803278085,
        0.2697102014925339,
        -0.7228233399999908
      ],
      "n_folds": 4
    },
    "absorbance": {
      "r2_cv": 0.7498907244896811,
      "rmse_cv": 0.013190404531150014,
      "predictions": [
        -0.0007779582630641933,
        0.018446984804925837,
        0.0270043131015197,
        0.08601850038721762
      ],
      "residuals": [
        0.0007779582630641933,
        -0.010898861644475098,
        0.013076867378672637,
        -0.020138327193132466
      ],
      "n_folds": 4
    }
  },
  "roi_scan": {
    "best_roi": [
      835.0,
      845.0
    ],
    "best_center": 840.0,
    "best_width": 10,
    "best_method": "derivative",
    "best_r2": 0.9935555723794475,
    "best_spearman": 1.0,
    "best_slope": 0.18303405519552648,
    "best_lod": 0.8081349182037969,
    "best_score": 1.094844457903558,
    "calibration": {
      "concentrations": [
        1.0,
        3.0,
        5.0,
        10.0
      ],
      "peak_wavelengths": [
        840.37702548,
        840.8587841,
        841.09967768,
        842.0633471
      ],
      "delta_lambda": [
        0.0,
        0.48175861999993685,
        0.7226521999999704,
        1.6863216199999442
      ],
      "reference_wavelength": 840.37702548,
      "slope": 0.18303405519552648,
      "slope_unit": "nm/ppm",
      "intercept": -0.14672865217878794,
      "r2": 0.9935555723794475,
      "r_value": 0.9967725780635458,
      "p_value": 0.003227421936454202,
      "std_err": 0.010423486239722224,
      "rmse": 0.049305403741315354,
      "spearman_r": 1.0,
      "spearman_p": 0.0,
      "noise_std": 0.049305403741315354,
      "lod_ppm": 0.8081349182037969,
      "loq_ppm": 2.6937830606793236,
      "slope_ci_95": [
        0.1728687283969474,
        0.188074965614029
      ],
      "n_points": 4,
      "method": "derivative",
      "roi_range": [
        835.0,
        845.0
      ]
    },
    "n_candidates": 179,
    "top_10_candidates": [
      {
        "roi_center": 587.5,
        "roi_width": 25,
        "roi_range": [
          575.0,
          600.0
        ],
        "method": "centroid",
        "r2": 0.9987485480023491,
        "spearman_r": 1.0,
        "slope": 0.1059977607529483,
        "lod_ppm": 0.35519496129331446,
        "score": 1.0989988384018794
      },
      {
        "roi_center": 627.5,
        "roi_width": 15,
        "roi_range": [
          620.0,
          635.0
        ],
        "method": "centroid",
        "r2": 0.997280864678728,