{
  "absorbance_calibration": {
    "raw": {
      "concentrations": [
        1.0,
        3.0,
        5.0,
        10.0
      ],
      "absorbance_values": [
        0.07914303607094654,
        0.014148471172174664,
        0.0960128137338609,
        0.10123456727215958
      ],
      "delta_A": [
        0.0,
        -0.06499456489877188,
        0.016869777662914365,
        0.022091531201213044
      ],
      "reference_absorbance": 0.07914303607094654,
      "slope": 0.0052276753473731365,
      "slope_unit": "AU/ppm",
      "intercept": -0.03133977190868352,
      "r2": 0.25333152268213704,
      "spearman_r": 0.7999999999999999,
      "rmse": 0.030018875848560146,
      "lod_ppm": 17.22689753313261,
      "loq_ppm": 57.42299177710869,
      "method": "raw",
      "roi_range": [
        710.0,
        735.0
      ]
    },
    "window_avg": {
      "concentrations": [
        1.0,
        3.0,
        5.0,
        10.0
      ],
      "absorbance_values": [
        0.06838200011547745,
        -0.002560259171486313,
        0.08017911162484495,
        0.08672698042274556
      ],
      "delta_A": [
        0.0,
        -0.07094225928696375,
        0.011797111509367506,
        0.01834498030726811
      ],
      "reference_absorbance": 0.06838200011547745,
      "slope": 0.004992388340618682,
      "slope_unit": "AU/ppm",
      "intercept": -0.033913886485520774,
      "r2": 0.21902386573012989,
      "spearman_r": 0.7999999999999999,
      "rmse": 0.03153174790450071,
      "lod_ppm": 18.947893725306514,
      "loq_ppm": 63.159645751021706,
      "method": "window_avg",
      "roi_range": [
        710.0,
        735.0
      ]
    },
    "differential": {
      "concentrations": [
        1.0,
        3.0,
        5.0,
        10.0
      ],
      "absorbance_values": [
        0.028700514956676387,
        0.011781405177930568,
        0.027121194733488035,
        0.03947706185308511
      ],
      "delta_A": [
        0.0,
        -0.01691910977874582,
        -0.0015793202231883519,
        0.010776546896408723
      ],
      "reference_absorbance": 0.028700514956676387,
      "slope": 0.0019171057712436624,
      "slope_unit": "AU/ppm",
      "intercept": -0.011036723189788758,
      "r2": 0.421740688573945,
      "spearman_r": 0.39999999999999997,
      "rmse": 0.007508465069967623,
      "lod_ppm": 11.749688278957203,
      "loq_ppm": 39.165627596524004,
      "method": "differential",
      "roi_range": [
        710.0,
        735.0
      ],
      "r2_cv": -1.8661295094149324,
      "rmse_cv": 0.01671620747009138
    }
  },
  "best_method": "differential"
}