{
  "gas": "Xylene",
  "timestamp": "2026-02-10T16:39:09.677391",
  "pipeline_version": "CODEMAP_aligned_v1.0",
  "roi_range": [
    710.0,
    735.0
  ],
  "expected_center": 670.0,
  "n_concentrations": 4,
  "concentrations": [
    1.0,
    3.0,
    5.0,
    10.0
  ],
  "calibration_wavelength_shift": {
    "centroid": {
      "concentrations": [
        1.0,
        3.0,
        5.0,
        10.0
      ],
      "peak_wavelengths": [
        721.8936284785572,
        722.230053074999,
        722.4542863039663,
        723.3102365433465
      ],
      "delta_lambda": [
        0.0,
        0.336424596441816,
        0.5606578254091801,
        1.4166080647893295
      ],
      "reference_wavelength": 721.8936284785572,
      "slope": 0.1561701397256558,
      "slope_unit": "nm/ppm",
      "intercept": -0.16338554203678368,
      "r2": 0.9958089541171572,
      "r_value": 0.997902276837345,
      "p_value": 0.0020977231626549964,
      "std_err": 0.007164010195185036,
      "rmse": 0.0338873585052973,
      "spearman_r": 1.0,
      "spearman_p": 0.0,
      "noise_std": 0.033887358505297296,
      "lod_ppm": 0.6509699978144461,
      "loq_ppm": 2.16989999271482,
      "slope_ci_95": [
        0.13761465254605748,
        0.15921525816511467
      ],
      "n_points": 4,
      "method": "centroid",
      "roi_range": [
        710.0,
        735.0
      ],
      "r2_cv": 0.9755890416664272,
      "rmse_cv": 0.08178410855010686
    },
    "minimum": {
      "concentrations": [
        1.0,
        3.0,
        5.0,
        10.0
      ],
      "peak_wavelengths": [
        717.89027757,
        711.29749155,
        734.64602662,
        719.53981724
      ],
      "delta_lambda": [
        0.0,
        -6.592786019999949,
        16.755749050000077,
        1.649539670000081
      ],
      "reference_wavelength": 717.89027757,
      "slope": 0.5449473981005666,
      "slope_unit": "nm/ppm",
      "intercept": 0.3646255340223612,
      "r2": 0.0455024093803048,
      "r_value": 0.21331293767679635,
      "p_value": 0.7866870623232036,
      "std_err": 1.76485815898935,
      "rmse": 8.34817085895077,
      "spearman_r": 0.6000000000000001,
      "spearman_p": 0.3999999999999999,
      "noise_std": 8.34817085895077,
      "lod_ppm": 45.957669793719255,
      "loq_ppm": 153.19223264573083,
      "slope_ci_95": [
        -0.2383657172806938,
        4.869421832727292
      ],
      "n_points": 4,
      "method": "minimum",
      "roi_range": [
        710.0,
        735.0
      ]
    }
  },
  "calibration_absorbance": {
    "raw": {
      "concentrations": [
        1.0,
        3.0,
        5.0,
        10.0
      ],
      "absorbance_values": [
        0.07914303607094654,
        0.014148471172174664,
        0.0960128137338609,
        0.10123456727215958
      ],
      "delta_A": [
        0.0,
        -0.06499456489877188,
        0.016869777662914365,
        0.022091531201213044
      ],
      "reference_absorbance": 0.07914303607094654,
      "slope": 0.0052276753473731365,
      "slope_unit": "AU/ppm",
      "intercept": -0.03133977190868352,
      "r2": 0.25333152268213704,
      "spearman_r": 0.7999999999999999,
      "rmse": 0.030018875848560146,
      "lod_ppm": 17.22689753313261,
      "loq_ppm": 57.42299177710869,
      "method": "raw",
      "roi_range": [
        710.0,
        735.0
      ]
    },
    "window_avg": {
      "concentrations": [
        1.0,
        3.0,
        5.0,
        10.0
      ],
      "absorbance_values": [
        0.06838200011547745,
        -0.002560259171486313,
        0.08017911162484495,
        0.08672698042274556
      ],
      "delta_A": [
        0.0,
        -0.07094225928696375,
        0.011797111509367506,
        0.01834498030726811
      ],
      "reference_absorbance": 0.06838200011547745,
      "slope": 0.004992388340618682,
      "slope_unit": "AU/ppm",
      "intercept": -0.033913886485520774,
      "r2": 0.21902386573012989,
      "spearman_r": 0.7999999999999999,
      "rmse": 0.03153174790450071,
      "lod_ppm": 18.947893725306514,
      "loq_ppm": 63.159645751021706,
      "method": "window_avg",
      "roi_range": [
        710.0,
        735.0
      ]
    },
    "differential": {
      "concentrations": [
        1.0,
        3.0,
        5.0,
        10.0
      ],
      "absorbance_values": [
        0.028700514956676387,
        0.011781405177930568,
        0.027121194733488035,
        0.03947706185308511
      ],
      "delta_A": [
        0.0,
        -0.01691910977874582,
        -0.0015793202231883519,
        0.010776546896408723
      ],
      "reference_absorbance": 0.028700514956676387,
      "slope": 0.0019171057712436624,
      "slope_unit": "AU/ppm",
      "intercept": -0.011036723189788758,
      "r2": 0.421740688573945,
      "spearman_r": 0.39999999999999997,
      "rmse": 0.007508465069967623,
      "lod_ppm": 11.749688278957203,
      "loq_ppm": 39.165627596524004,
      "method": "differential",
      "roi_range": [
        710.0,
        735.0
      ],
      "r2_cv": -1.8661295094149324,
      "rmse_cv": 0.01671620747009138
    }
  },
  "best_method_wavelength_shift": "centroid",
  "best_method_absorbance": "differential",
  "loocv_validation": {
    "wavelength_shift": {
      "r2_cv": 0.9755890416664272,
      "rmse_cv": 0.08178410855010686,
      "predictions": [
        -0.016558423252460097,
        0.2905012377943392,
        0.6365422454213773,
        1.2801786684163972
      ],
      "residuals": [
        0.016558423252460097,
        0.04592335864747682,
        -0.0758844200121972,
        0.1364293963729324
      ],
      "n_folds": 4
    },
    "absorbance": {
      "r2_cv": -1.8661295094149324,
      "rmse_cv": 0.01671620747009138,
      "predictions": [
        -0.02092835279384067,
        0.00015001316044402184,
        -0.0014081669825793588,
        -0.008929953724557672
      ],
      "residuals": [
        0.02092835279384067,
        -0.017069122939189843,
        -0.00017115324060899308,
        0.019706500620966395
      ],
      "n_folds": 4
    }
  },
  "roi_scan": {
    "best_roi": [
      710.0,
      735.0
    ],
    "best_center": 722.5,
    "best_width": 25,
    "best_method": "centroid",
    "best_r2": 0.9958089541171572,
    "best_spearman": 1.0,
    "best_slope": 0.1561701397256558,
    "best_lod": 0.6509699978144461,
    "best_score": 1.0966471632937258,
    "calibration": {
      "concentrations": [
        1.0,
        3.0,
        5.0,
        10.0
      ],
      "peak_wavelengths": [
        721.8936284785572,
        722.230053074999,
        722.4542863039663,
        723.3102365433465
      ],
      "delta_lambda": [
        0.0,
        0.336424596441816,
        0.5606578254091801,
        1.4166080647893295
      ],
      "reference_wavelength": 721.8936284785572,
      "slope": 0.1561701397256558,
      "slope_unit": "nm/ppm",
      "intercept": -0.16338554203678368,
      "r2": 0.9958089541171572,
      "r_value": 0.997902276837345,
      "p_value": 0.0020977231626549964,
      "std_err": 0.007164010195185036,
      "rmse": 0.0338873585052973,
      "spearman_r": 1.0,
      "spearman_p": 0.0,
      "noise_std": 0.033887358505297296,
      "lod_ppm": 0.6509699978144461,
      "loq_ppm": 2.16989999271482,
      "slope_ci_95": [
        0.13761465254605748,
        0.15921525816511467
      ],
      "n_points": 4,
      "method": "centroid",
      "roi_range": [
        710.0,
        735.0
      ]
    },
    "n_candidates": 117,
    "top_10_candidates": [
      {
        "roi_center": 870.0,
        "roi_width": 10,
        "roi_range": [
          865.0,
          875.0
        ],
        "method": "derivative",
        "r2": 0.9961664651090516,
        "spearman_r": -1.0,
        "slope": -0.10682895206703406,
        "lod_ppm": 0.6224744501758981,
        "score": 1.0969331720872413
      },
      {
        "roi_center": 722.5,
        "roi_width": 25,