concentration,peak_wavelength
0.5,0.24010291332613315
1.0,0.24001467349348188
5.0,0.244202311371608
10.0,0.246998598693015
