{
  "per_concentration": {
    "11.0": {
      "mean_T90": 712.54783267,
      "std_T90": NaN,
      "mean_T10": 941.97771421,
      "std_T10": NaN,
      "count": 1
    },
    "12.0": {
      "mean_T90": 712.54783267,
      "std_T90": NaN,
      "mean_T10": 941.97771421,
      "std_T10": NaN,
      "count": 1
    },
    "13.0": {
      "mean_T90": 712.31407809,
      "std_T90": NaN,
      "mean_T10": 941.97771421,
      "std_T10": NaN,
      "count": 1
    },
    "14.0": {
      "mean_T90": 712.54783267,
      "std_T90": NaN,
      "mean_T10": 941.97771421,
      "std_T10": NaN,
      "count": 1
    },
    "15.0": {
      "mean_T90": 713.71675517,
      "std_T90": NaN,
      "mean_T10": 941.73605308,
      "std_T10": NaN,
      "count": 1
    },
    "51.0": {
      "mean_T90": 696.818865835,
      "std_T90": 23.897224273036684,
      "mean_T10": 941.97771421,
      "std_T10": 0.0,
      "count": 2
    },
    "52.0": {
      "mean_T90": 712.43095538,
      "std_T90": 0.1652894486514807,
      "mean_T10": 942.3402251699999,
      "std_T10": 0.5126679161408225,
      "count": 2
    },
    "53.0": {
      "mean_T90": 712.43095538,
      "std_T90": 0.1652894486514807,
      "mean_T10": 942.461084605,
      "std_T10": 1.0253494158029954,
      "count": 2
    },
    "54.0": {
      "mean_T90": 712.43095538,
      "std_T90": 0.1652894486514807,
      "mean_T10": 942.3402251699999,
      "std_T10": 0.5126679161408225,
      "count": 2
    },
    "55.0": {
      "mean_T90": 712.43095538,
      "std_T90": 0.1652894486514807,
      "mean_T10": 942.58191517,
      "std_T10": 0.8544691920307836,
      "count": 2
    },
    "101.0": {
      "mean_T90": 712.31407809,
      "std_T90": NaN,
      "mean_T10": 943.91123414,
      "std_T10": NaN,
      "count": 1
    },
    "102.0": {
      "mean_T90": 711.84659889,
      "std_T90": NaN,
      "mean_T10": 943.91123414,
      "std_T10": NaN,
      "count": 1
    },
    "103.0": {
      "mean_T90": 712.31407809,
      "std_T90": NaN,
      "mean_T10": 943.91123414,
      "std_T10": NaN,
      "count": 1
    },
    "104.0": {
      "mean_T90": 711.84659889,
      "std_T90": NaN,
      "mean_T10": 944.15295293,
      "std_T10": NaN,
      "count": 1
    },
    "105.0": {
      "mean_T90": 711.84659889,
      "std_T90": NaN,
      "mean_T10": 944.15295293,
      "std_T10": NaN,
      "count": 1
    }
  },
  "overall": {
    "mean_T90": 710.8463829414999,
    "std_T90": 7.295288870785608,
    "mean_T10": 942.6544423425,
    "std_T10": 0.9063573654366125,
    "count": 20
  }
}