{
  "0.5": {
    "0.5 ppm EtOH IPA MeOH-1": {
      "rms": 0.9174091930292363,
      "mad": 0.01697832495164296,
      "spectral_entropy": 11.780107413308468,
      "snr": 4.6692839968578355
    },
    "0.5 ppm EtOH IPA MeOH-2": {
      "rms": 0.9126224646970583,
      "mad": 0.02223139104365193,
      "spectral_entropy": 11.805051930793097,
      "snr": 4.8345419107532
    },
    "0.5 ppm EtOH IPA MeOH-3": {
      "rms": 0.9142403690915188,
      "mad": 0.020902220633795134,
      "spectral_entropy": 11.801618245811436,
      "snr": 4.558697578623207
    },
    "0.5 ppm EtOH IPA MeOH-4": {
      "rms": 0.9060992135194617,
      "mad": 0.02491521123269853,
      "spectral_entropy": 11.771505938260379,
      "snr": 4.318911679691957
    },
    "0.5 ppm EtOH IPA MeOH-5": {
      "rms": 0.897401656230867,
      "mad": 0.02873635497611122,
      "spectral_entropy": 11.77990616767605,
      "snr": 4.068841308222294
    }
  },
  "1.0": {
    "1 ppm EtOH IPA MeOH-1": {
      "rms": 0.8911214668260462,
      "mad": 0.032633055152593377,
      "spectral_entropy": 11.773195475032466,
      "snr": 4.054021961035452
    },
    "1 ppm EtOH IPA MeOH-2": {
      "rms": 0.8917573327030511,
      "mad": 0.03820102994690437,
      "spectral_entropy": 11.784377125721148,
      "snr": 4.115468514410655
    },
    "1 ppm EtOH IPA MeOH-3": {
      "rms": 0.8784841149702255,
      "mad": 0.04957238688972353,
      "spectral_entropy": 11.787593986789236,
      "snr": 3.8811557300693686
    },
    "1 ppm EtOH IPA MeOH-4": {
      "rms": 0.8732830894582959,
      "mad": 0.05397787815603339,
      "spectral_entropy": 11.771500126473608,
      "snr": 3.777147903783288
    },
    "1 ppm EtOH IPA MeOH-5": {
      "rms": 0.8734045724602232,
      "mad": 0.05533762537770555,
      "spectral_entropy": 11.777411540771457,
      "snr": 3.8500036132654394
    }
  },
  "10.0": {
    "10 ppm EtOH IPA MeOH-1": {
      "rms": 0.9170737608600402,
      "mad": 0.028758266501203018,
      "spectral_entropy": 11.804621924007147,
      "snr": 5.162934387903949
    },
    "10 ppm EtOH IPA MeOH-2": {
      "rms": 0.918892373556772,
      "mad": 0.02583628394522567,
      "spectral_entropy": 11.805635239541258,
      "snr": 5.3040208588708735
    },
    "10 ppm EtOH IPA MeOH-3": {
      "rms": 0.917408705984545,
      "mad": 0.029091011481445186,
      "spectral_entropy": 11.804282824064579,
      "snr": 5.170321237890857
    },
    "10 ppm EtOH IPA MeOH-4": {
      "rms": 0.9186817029815086,
      "mad": 0.026983756994677748,
      "spectral_entropy": 11.805094694003122,
      "snr": 5.200242434535836
    },
    "10 ppm EtOH IPA MeOH-5": {
      "rms": 0.9170871327988914,
      "mad": 0.029412445884998747,
      "spectral_entropy": 11.804698100564611,
      "snr": 5.205711328890347
    }
  },
  "5.0": {
    "5 ppm EtOH IPA MeOH-1": {
      "rms": 0.8711218752077265,
      "mad": 0.066072816562809,
      "spectral_entropy": 11.780851937224693,
      "snr": 3.8664248469318743
    },
    "5 ppm EtOH IPA MeOH-2": {
      "rms": 0.9146610058294401,
      "mad": 0.03510475486812829,
      "spectral_entropy": 11.805112147935464,
      "snr": 5.294198430350911
    },
    "5 ppm EtOH IPA MeOH-3": {
      "rms": 0.9158516147822111,
      "mad": 0.031467323291467675,
      "spectral_entropy": 11.80483528565735,
      "snr": 5.296557769089344
    },
    "5 ppm EtOH IPA MeOH-4": {
      "rms": 0.9177883137734871,
      "mad": 0.028810942798078776,
      "spectral_entropy": 11.80496189568845,
      "snr": 5.215486210490913
    },
    "5 ppm EtOH IPA MeOH-5": {
      "rms": 0.9173602468800394,
      "mad": 0.029369331858892705,
      "spectral_entropy": 11.80470987267439,
      "snr": 5.157434541939347
    }
  }
}