{
  "regression_slope": -0.0008852122893326695,
  "regression_intercept": 0.9791240863260368,
  "regression_r2": 0.08253559382669326,
  "regression_rmse": 0.011256574762425286,
  "dynamic_range": 0.029236286168167647,
  "dynamic_range_per_ppm": 0.0030775038071755418,
  "mean_cv": 0.008276659677188308,
  "max_cv": 0.016699610477494336,
  "min_cv": 0.0012194411002393061,
  "lod_ppm": 51.616595484690535,
  "loq_ppm": 172.05531828230178,
  "ppm_span": 9.5,
  "concentrations": [
    0.5,
    1.0,
    5.0,
    10.0
  ],
  "mean_transmittance_per_concentration": [
    0.9947273897204078,
    0.9664164813716829,
    0.9654911035522401,
    0.9752553678858268
  ],
  "std_transmittance_per_concentration": [
    0.0012130114625588271,
    0.011922488482646793,
    0.01612332534880856,
    0.0027802438020099133
  ],
  "cv_transmittance_per_concentration": [
    0.0012194411002393061,
    0.012336801692086846,
    0.016699610477494336,
    0.002850785438932746
  ]
}