concentration,peak_wavelength
0.1,0.11976065790364718
0.5,0.12194657861016046
1.0,0.12141337604429095
5.0,0.12740939399361434
10.0,0.13147512623694219
