{
  "per_concentration": {
    "11.0": {
      "mean_T90": 666.209325575,
      "std_T90": 1.1539316362244565,
      "mean_T10": 861.61022937,
      "std_T10": 1.7090544485687384,
      "count": 2
    },
    "12.0": {
      "mean_T90": 665.39337269,
      "std_T90": 0.0,
      "mean_T10": 862.9395872499999,
      "std_T10": 0.17094149457485194,
      "count": 2
    },
    "13.0": {
      "mean_T90": 665.7430321100001,
      "std_T90": 0.494493093975543,
      "mean_T10": 863.06046114,
      "std_T10": 0.0,
      "count": 2
    },
    "14.0": {
      "mean_T90": 670.17678243,
      "std_T90": 7.094392294728343,
      "mean_T10": 863.66490002,
      "std_T10": 0.8548056617215686,
      "count": 2
    },
    "15.0": {
      "mean_T90": 689.63203445,
      "std_T90": 31.97078092231722,
      "mean_T10": 863.30229224,
      "std_T10": 1.3676105020195948,
      "count": 2
    },
    "51.0": {
      "mean_T90": 666.90876572,
      "std_T90": 1.1541031874006307,
      "mean_T10": 863.42315687,
      "std_T10": 1.196682103062349,
      "count": 2
    },
    "52.0": {
      "mean_T90": 666.09269731,
      "std_T90": 0.32968658511345234,
      "mean_T10": 861.972809305,
      "std_T10": 1.8800680751062433,
      "count": 2
    },
    "53.0": {
      "mean_T90": 666.44246073,
      "std_T90": 1.153988834091941,
      "mean_T10": 863.060465775,
      "std_T10": 0.3418895440294597,
      "count": 2
    },
    "54.0": {
      "mean_T90": 688.9326289200001,
      "std_T90": 32.959889708441935,
      "mean_T10": 862.57697947,
      "std_T10": 0.34186334572317434,
      "count": 2
    },
    "55.0": {
      "mean_T90": 665.509920045,
      "std_T90": 0.16482285009974412,
      "mean_T10": 862.45611021,
      "std_T10": 0.17092839895724599,
      "count": 2
    },
    "101.0": {
      "mean_T90": 665.39337269,
      "std_T90": NaN,
      "mean_T10": 863.30221819,
      "std_T10": NaN,
      "count": 1
    },
    "102.0": {
      "mean_T90": 665.6264674,
      "std_T90": NaN,
      "mean_T10": 864.2693389,
      "std_T10": NaN,
      "count": 1
    },
    "103.0": {
      "mean_T90": 666.09269153,
      "std_T90": NaN,
      "mean_T10": 863.30221819,
      "std_T10": NaN,
      "count": 1
    },
    "104.0": {
      "mean_T90": 666.09269153,
      "std_T90": NaN,
      "mean_T10": 863.06046114,
      "std_T10": NaN,
      "count": 1
    },
    "105.0": {
      "mean_T90": 666.55896189,
      "std_T90": NaN,
      "mean_T10": 863.06046114,
      "std_T10": NaN,
      "count": 1
    }
  },
  "overall": {
    "mean_T90": 670.073849,
    "std_T90": 12.839176225611288,
    "mean_T10": 862.9251472344,
    "std_T10": 0.9312096102275526,
    "count": 25
  }
}