{
  "0.1": {
    "Multi mix vary-IPA-0.1-1": {
      "rms": 0.676287472216708,
      "mad": 0.39387526406010775,
      "spectral_entropy": 11.667905630546993,
      "snr": 5.148142237757372
    },
    "Multi mix vary-IPA-0.1-2": {
      "rms": 0.6740372676610934,
      "mad": 0.3773591929135966,
      "spectral_entropy": 11.675302204702652,
      "snr": 5.1053136983643235
    },
    "Multi mix vary-IPA-0.1-3": {
      "rms": 0.6728080513418918,
      "mad": 0.398932514201336,
      "spectral_entropy": 11.664243759607295,
      "snr": 5.014002065893286
    },
    "Multi mix vary-IPA-0.1-4": {
      "rms": 0.6726635327274879,
      "mad": 0.3876637298647459,
      "spectral_entropy": 11.6997733803903,
      "snr": 5.054309022818369
    },
    "Multi mix vary-IPA-0.1-5": {
      "rms": 0.6721553614316466,
      "mad": 0.35146656527775133,
      "spectral_entropy": 11.686199858139275,
      "snr": 4.919598559391652
    }
  },
  "0.5": {
    "Multi mix vary-IPA-0.5-1": {
      "rms": 0.6723897709714707,
      "mad": 0.371905086039816,
      "spectral_entropy": 11.693592194676764,
      "snr": 4.938805962169498
    },
    "Multi mix vary-IPA-0.5-2": {
      "rms": 0.676927586324199,
      "mad": 0.35554672416677185,
      "spectral_entropy": 11.670742290801538,
      "snr": 4.870455852274783
    },
    "Multi mix vary-IPA-0.5-3": {
      "rms": 0.6749612115648723,
      "mad": 0.35013715794480677,
      "spectral_entropy": 11.665706830197996,
      "snr": 4.927104325391041
    },
    "Multi mix vary-IPA-0.5-4": {
      "rms": 0.6738547825683285,
      "mad": 0.3916298338980221,
      "spectral_entropy": 11.675613908365033,
      "snr": 4.909385202137652
    },
    "Multi mix vary-IPA-0.5-5": {
      "rms": 0.6740082977359674,
      "mad": 0.41219009249247834,
      "spectral_entropy": 11.692385015473402,
      "snr": 5.233888876831286
    }
  },
  "1.0": {
    "Multi mix vary-IPA-1-1": {
      "rms": 0.6724139826116247,
      "mad": 0.38851719134167345,
      "spectral_entropy": 11.738917226739368,
      "snr": 5.156240855872834
    },
    "Multi mix vary-IPA-1-2": {
      "rms": 0.6695091175817607,
      "mad": 0.3804839769056811,
      "spectral_entropy": 11.684482892831987,
      "snr": 5.245616629663975
    },
    "Multi mix vary-IPA-1-3": {
      "rms": 0.6738731850187145,
      "mad": 0.3635859795641191,
      "spectral_entropy": 11.685252329880631,
      "snr": 4.929483971297728
    },
    "Multi mix vary-IPA-1-4": {
      "rms": 0.6762070056200642,
      "mad": 0.38879920431037257,
      "spectral_entropy": 11.685402583780842,
      "snr": 4.910187854213508
    },
    "Multi mix vary-IPA-1-5": {
      "rms": 0.6756605522846271,
      "mad": 0.37923590234644683,
      "spectral_entropy": 11.679271049743452,
      "snr": 5.118198978548479
    }
  },
  "10.0": {
    "Multi mix vary-IPA-10-1": {
      "rms": 0.6758872887747427,
      "mad": 0.40840148684344174,
      "spectral_entropy": 11.73973008507876,
      "snr": 5.176632946819521
    },
    "Multi mix vary-IPA-10-2": {
      "rms": 0.6703527072674839,
      "mad": 0.38444375175000667,
      "spectral_entropy": 11.694079437116507,
      "snr": 5.246055712555092
    },
    "Multi mix vary-IPA-10-3": {
      "rms": 0.6726813145511932,
      "mad": 0.36545045533376835,
      "spectral_entropy": 11.687914813970062,
      "snr": 4.949121196524327
    },
    "Multi mix vary-IPA-10-4": {
      "rms": 0.6733654398339273,
      "mad": 0.35439805059861207,
      "spectral_entropy": 11.700729131325389,
      "snr": 4.924587976562481
    },
    "Multi mix vary-IPA-10-5": {
      "rms": 0.6737068223232981,
      "mad": 0.3328891704005553,
      "spectral_entropy": 11.696417533632221,
      "snr": 4.918323558078523
    }
  },
  "5.0": {
    "Multi mix vary-IPA-5-1": {
      "rms": 0.6781335680411035,
      "mad": 0.40481803145874573,
      "spectral_entropy": 11.679455937454243,
      "snr": 5.232937359743786
    },
    "Multi mix vary-IPA-5-2": {
      "rms": 0.6756808556582579,
      "mad": 0.4090828278896086,
      "spectral_entropy": 11.660152796343986,
      "snr": 5.308676251986889
    },
    "Multi mix vary-IPA-5-3": {
      "rms": 0.6715205469404564,
      "mad": 0.39059698403675996,
      "spectral_entropy": 11.672943118158791,
      "snr": 5.2640668592470545
    },
    "Multi mix vary-IPA-5-4": {
      "rms": 0.6725482199689992,
      "mad": 0.3692951042018924,
      "spectral_entropy": 11.702395318204726,
      "snr": 5.149251363435789
    },
    "Multi mix vary-IPA-5-5": {
      "rms": 0.6737417491444786,
      "mad": 0.4108076289792654,
      "spectral_entropy": 11.658447273770545,
      "snr": 5.281190412807091
    }
  }
}