{
  "regression_slope": -0.0026309686348804508,
  "regression_intercept": 0.6812827232530279,
  "regression_r2": 0.3990008592297687,
  "regression_rmse": 0.012180413355260494,
  "dynamic_range": 0.04232161521385569,
  "dynamic_range_per_ppm": 0.004274910627662191,
  "mean_cv": 0.02660138668065216,
  "max_cv": 0.035851753284791565,
  "min_cv": 0.018809220635989776,
  "lod_ppm": 26.474684094719965,
  "loq_ppm": 88.24894698239987,
  "ppm_span": 9.9,
  "concentrations": [
    0.1,
    0.5,
    1.0,
    5.0,
    10.0
  ],
  "mean_transmittance_per_concentration": [
    0.6658370539702336,
    0.68624448283741,
    0.6779584313091434,
    0.687510592011596,
    0.6451889767977403
  ],
  "std_transmittance_per_concentration": [
    0.01715068141364824,
    0.0246030678917362,
    0.017620353968142072,
    0.018286109287919464,
    0.012135501816497186
  ],
  "cv_transmittance_per_concentration": [
    0.025758075960751452,
    0.035851753284791565,
    0.025990316152742613,
    0.026597567368985404,
    0.018809220635989776
  ]
}