{
  "absorbance_calibration": {
    "raw": {
      "concentrations": [
        1.0,
        3.0,
        5.0,
        10.0
      ],
      "absorbance_values": [
        0.07458165484921729,
        0.06755656702376006,
        0.059515057507017445,
        0.13082753850070758
      ],
      "delta_A": [
        0.0,
        -0.00702508782545723,
        -0.015066597342199846,
        0.05624588365149029
      ],
      "reference_absorbance": 0.07458165484921729,
      "slope": 0.0067892322576385295,
      "slope_unit": "AU/ppm",
      "intercept": -0.02371030360282471,
      "r2": 0.6551709475008713,
      "spearman_r": 0.19999999999999998,
      "rmse": 0.016474483172022,
      "lod_ppm": 7.279681654793873,
      "loq_ppm": 24.265605515979576,
      "method": "raw",
      "roi_range": [
        595.0,
        625.0
      ]
    },
    "window_avg": {
      "concentrations": [
        1.0,
        3.0,
        5.0,
        10.0
      ],
      "absorbance_values": [
        0.03810923248461379,
        0.02378148848785167,
        0.03568976997458112,
        0.11502232822921753
      ],
      "delta_A": [
        0.0,
        -0.014327743996762125,
        -0.002419462510032673,
        0.07691309574460373
      ],
      "reference_absorbance": 0.03810923248461379,
      "slope": 0.00957011036929598,
      "slope_unit": "AU/ppm",
      "intercept": -0.03041655194470368,
      "r2": 0.7848893979856979,
      "spearman_r": 0.39999999999999997,
      "rmse": 0.016757535457563935,
      "lod_ppm": 5.253085328460019,
      "loq_ppm": 17.510284428200062,
      "method": "window_avg",
      "roi_range": [
        595.0,
        625.0
      ],
      "r2_cv": -1.0791674777218732,
      "rmse_cv": 0.052098350812865804
    },
    "differential": {
      "concentrations": [
        1.0,
        3.0,
        5.0,
        10.0
      ],
      "absorbance_values": [
        0.04106363278484378,
        0.0820214940083468,
        0.03800628254240329,
        0.04932794033037077
      ],
      "delta_A": [
        0.0,
        0.04095786122350301,
        -0.0030573502424404916,
        0.00826430754552699
      ],
      "reference_absorbance": 0.04106363278484378,
      "slope": -0.0006492286053122613,
      "slope_unit": "AU/ppm",
      "intercept": 0.01462504050688062,
      "r2": 0.015430385873632217,
      "spearman_r": 0.0,
      "rmse": 0.017345986009556964,
      "lod_ppm": 80.15352004343994,
      "loq_ppm": 267.17840014479975,
      "method": "differential",
      "roi_range": [
        595.0,
        625.0
      ]
    }
  },
  "best_method": "window_avg"
}